Abdoulaye_Wade Abdoulaye_Wade_0002.jpg
Abdoulaye_Wade Abdoulaye_Wade_0003.jpg
Abdullah_Gul Abdullah_Gul_0015.jpg
Abdullah_al-Attiyah Abdullah_al-Attiyah_0001.jpg
Abdullah_al-Attiyah Abdullah_al-Attiyah_0002.jpg
Abid_Hamid_Mahmud_Al-Tikriti Abid_Hamid_Mahmud_Al-Tikriti_0002.jpg
Ahmad_Masood Ahmad_Masood_0002.jpg
Al_Sharpton Al_Sharpton_0003.jpg
Alastair_Campbell Alastair_Campbell_0002.jpg
Albert_Costa Albert_Costa_0003.jpg
Aldo_Paredes Aldo_Paredes_0002.jpg
Alex_Ferguson Alex_Ferguson_0001.jpg
Alexandra_Spann Alexandra_Spann_0001.jpg
Alexandre_Herchcovitch Alexandre_Herchcovitch_0001.jpg
Allan_Houston Allan_Houston_0001.jpg
Allen_Iverson Allen_Iverson_0001.jpg
Alma_Powell Alma_Powell_0001.jpg
Alvaro_Uribe Alvaro_Uribe_0008.jpg
Amanda_Bynes Amanda_Bynes_0004.jpg
Andre_Agassi Andre_Agassi_0002.jpg
Andre_Agassi Andre_Agassi_0008.jpg
Andre_Agassi Andre_Agassi_0013.jpg
Andrzej_Tyszkiewicz Andrzej_Tyszkiewicz_0001.jpg
Andy_North Andy_North_0001.jpg
Andy_Roddick Andy_Roddick_0002.jpg
Andy_Roddick Andy_Roddick_0003.jpg
Andy_Roddick Andy_Roddick_0004.jpg
Andy_Roddick Andy_Roddick_0005.jpg
Andy_Roddick Andy_Roddick_0006.jpg
Andy_Roddick Andy_Roddick_0010.jpg
Andy_Roddick Andy_Roddick_0015.jpg
Andy_Wisecarver Andy_Wisecarver_0001.jpg
Angela_Lansbury Angela_Lansbury_0002.jpg
Angela_Merkel Angela_Merkel_0003.jpg
Angelina_Jolie Angelina_Jolie_0012.jpg
Angelina_Jolie Angelina_Jolie_0017.jpg
Angelo_Genova Angelo_Genova_0001.jpg
Angie_Martinez Angie_Martinez_0001.jpg
Anil_Ramsook Anil_Ramsook_0001.jpg
Anja_Paerson Anja_Paerson_0001.jpg
Anna_Kournikova Anna_Kournikova_0004.jpg
Anna_Kournikova Anna_Kournikova_0005.jpg
Anna_Kournikova Anna_Kournikova_0009.jpg
Anne_Heche Anne_Heche_0001.jpg
Annika_Sorenstam Annika_Sorenstam_0001.jpg
Ari_Fleischer Ari_Fleischer_0001.jpg
Ariel_Sharon Ariel_Sharon_0012.jpg
Ariel_Sharon Ariel_Sharon_0049.jpg
Arlen_Specter Arlen_Specter_0003.jpg
Arminio_Fraga Arminio_Fraga_0002.jpg
Arnold_Schwarzenegger Arnold_Schwarzenegger_0008.jpg
Arnold_Schwarzenegger Arnold_Schwarzenegger_0029.jpg
Arnold_Schwarzenegger Arnold_Schwarzenegger_0036.jpg
Arthur_Johnson Arthur_Johnson_0001.jpg
Atal_Bihari_Vajpayee Atal_Bihari_Vajpayee_0010.jpg
Augustin_Calleri Augustin_Calleri_0002.jpg
Barbara_Boxer Barbara_Boxer_0001.jpg
Barbara_Esbin Barbara_Esbin_0001.jpg
Barry_Alvarez Barry_Alvarez_0002.jpg
Ben_Affleck Ben_Affleck_0003.jpg
Ben_Curtis Ben_Curtis_0001.jpg
Ben_Glisan Ben_Glisan_0001.jpg
Bernard_Landry Bernard_Landry_0003.jpg
Bernardo_Segura Bernardo_Segura_0002.jpg
Bijan_Darvish Bijan_Darvish_0003.jpg
Bill_Clinton Bill_Clinton_0023.jpg
Bill_Simon Bill_Simon_0006.jpg
Billy_Andrade Billy_Andrade_0001.jpg
Blythe_Hartley Blythe_Hartley_0002.jpg
Bob_Sulkin Bob_Sulkin_0001.jpg
Bonnie_Hunt Bonnie_Hunt_0001.jpg
Bono Bono_0003.jpg
Boris_Becker Boris_Becker_0006.jpg
Brad_Banks Brad_Banks_0001.jpg
Brandon_Larson Brandon_Larson_0001.jpg
Brandon_Webb Brandon_Webb_0001.jpg
Brawley_King Brawley_King_0001.jpg
Brendan_Gaughan Brendan_Gaughan_0001.jpg
Brian_Lara Brian_Lara_0001.jpg
Brian_Schneider Brian_Schneider_0001.jpg
Budd_Schulberg Budd_Schulberg_0001.jpg
Buddy_Ryan Buddy_Ryan_0001.jpg
Candie_Kung Candie_Kung_0001.jpg
Carin_Koch Carin_Koch_0001.jpg
Carla_Del_Ponte Carla_Del_Ponte_0005.jpg
Carlos_Menem Carlos_Menem_0003.jpg
Carlos_Moya Carlos_Moya_0005.jpg
Carlos_Moya Carlos_Moya_0006.jpg
Carly_Fiorina Carly_Fiorina_0001.jpg
Carol_Burnett Carol_Burnett_0001.jpg
Carolyn_Kuhl Carolyn_Kuhl_0001.jpg
Catherine_Ndereba Catherine_Ndereba_0001.jpg
Cathy_Chisholm Cathy_Chisholm_0001.jpg
Cathy_Freeman Cathy_Freeman_0002.jpg
Cesar_Maia Cesar_Maia_0002.jpg
Chanda_Rubin Chanda_Rubin_0003.jpg
Charles_Mathews Charles_Mathews_0002.jpg
Charles_Taylor Charles_Taylor_0005.jpg
Charles_Taylor Charles_Taylor_0009.jpg
Charlotte_Chambers Charlotte_Chambers_0001.jpg
Cherie_Blair Cherie_Blair_0001.jpg
Chris_Rock Chris_Rock_0002.jpg
Christina_Aguilera Christina_Aguilera_0001.jpg
Christine_Baumgartner Christine_Baumgartner_0003.jpg
Chung_Mong-hun Chung_Mong-hun_0001.jpg
Claudia_Pechstein Claudia_Pechstein_0002.jpg
Claudia_Pechstein Claudia_Pechstein_0003.jpg
Claudia_Pechstein Claudia_Pechstein_0005.jpg
Clive_Lloyd Clive_Lloyd_0001.jpg
Coco_dEste Coco_dEste_0001.jpg
Colin_Jackson Colin_Jackson_0001.jpg
Colin_Montgomerie Colin_Montgomerie_0001.jpg
Colin_Powell Colin_Powell_0054.jpg
Colin_Powell Colin_Powell_0076.jpg
Colin_Powell Colin_Powell_0185.jpg
Colin_Powell Colin_Powell_0227.jpg
Colin_Powell Colin_Powell_0228.jpg
Condoleezza_Rice Condoleezza_Rice_0009.jpg
Costas_Simitis Costas_Simitis_0002.jpg
Craig_OClair Craig_OClair_0001.jpg
Curtis_Strange Curtis_Strange_0001.jpg
Dale_Earnhardt_Jr Dale_Earnhardt_Jr_0003.jpg
Dan_Boyle Dan_Boyle_0001.jpg
Danny_Glover Danny_Glover_0001.jpg
Darren_Clarke Darren_Clarke_0002.jpg
Darvis_Patton Darvis_Patton_0001.jpg
Daryl_Parks Daryl_Parks_0001.jpg
Daryl_Smith Daryl_Smith_0001.jpg
Dave_Johnson Dave_Johnson_0001.jpg
David_Beckham David_Beckham_0028.jpg
David_Kelly David_Kelly_0001.jpg
David_Wells David_Wells_0002.jpg
David_Wells David_Wells_0003.jpg
Dennis_Johnson Dennis_Johnson_0001.jpg
Dereck_Whittenburg Dereck_Whittenburg_0001.jpg
Derek_Bond Derek_Bond_0001.jpg
Derek_Lowe Derek_Lowe_0001.jpg
Dick_Cheney Dick_Cheney_0006.jpg
Dick_Vermeil Dick_Vermeil_0001.jpg
Dion_Glover Dion_Glover_0001.jpg
Dominique_de_Villepin Dominique_de_Villepin_0013.jpg
Dominique_de_Villepin Dominique_de_Villepin_0015.jpg
Donnie_Brennan Donnie_Brennan_0001.jpg
Ed_Mekertichian Ed_Mekertichian_0001.jpg
Ed_Smart Ed_Smart_0003.jpg
Eddy_Merckx Eddy_Merckx_0002.jpg
Edmund_Stoiber Edmund_Stoiber_0005.jpg
Edward_Belvin Edward_Belvin_0001.jpg
El_Hadji_Diouf El_Hadji_Diouf_0001.jpg
Elena_Bovina Elena_Bovina_0003.jpg
Elena_Dementieva Elena_Dementieva_0001.jpg
Elizabeth_Smart Elizabeth_Smart_0002.jpg
Emanuel_Ginobili Emanuel_Ginobili_0004.jpg
Enrica_Fico Enrica_Fico_0001.jpg
Eric_Clapton Eric_Clapton_0001.jpg
Ernie_Els Ernie_Els_0003.jpg
Ernie_Stewart Ernie_Stewart_0001.jpg
Eugene_Melnyk Eugene_Melnyk_0001.jpg
Eva_Dimas Eva_Dimas_0001.jpg
Federico_Trillo Federico_Trillo_0001.jpg
Fernando_Gonzalez Fernando_Gonzalez_0005.jpg
Fernando_Sanz Fernando_Sanz_0001.jpg
Fidel_Castro Fidel_Castro_0012.jpg
Frances_Fisher Frances_Fisher_0002.jpg
Francis_Ford_Coppola Francis_Ford_Coppola_0002.jpg
Frank_Beamer Frank_Beamer_0001.jpg
Frank_Cassell Frank_Cassell_0001.jpg
Franz_Muentefering Franz_Muentefering_0003.jpg
Fred_Huff Fred_Huff_0001.jpg
Freddy_Garcia Freddy_Garcia_0002.jpg
Garry_Kasparov Garry_Kasparov_0002.jpg
Gary_Carter Gary_Carter_0003.jpg
George_HW_Bush George_HW_Bush_0002.jpg
George_P_Bush George_P_Bush_0001.jpg
George_W_Bush George_W_Bush_0004.jpg
George_W_Bush George_W_Bush_0014.jpg
George_W_Bush George_W_Bush_0136.jpg
George_W_Bush George_W_Bush_0157.jpg
George_W_Bush George_W_Bush_0170.jpg
George_W_Bush George_W_Bush_0262.jpg
George_W_Bush George_W_Bush_0268.jpg
George_W_Bush George_W_Bush_0276.jpg
George_W_Bush George_W_Bush_0285.jpg
George_W_Bush George_W_Bush_0317.jpg
George_W_Bush George_W_Bush_0448.jpg
Geraldine_Chaplin Geraldine_Chaplin_0001.jpg
Gerhard_Schroeder Gerhard_Schroeder_0100.jpg
Gerry_Adams Gerry_Adams_0005.jpg
Gilberto_Rodriguez_Orejuela Gilberto_Rodriguez_Orejuela_0001.jpg
Goldie_Hawn Goldie_Hawn_0004.jpg
Goldie_Hawn Goldie_Hawn_0006.jpg
Gray_Davis Gray_Davis_0025.jpg
Greg_Rusedski Greg_Rusedski_0001.jpg
Guillermo_Coria Guillermo_Coria_0003.jpg
Guillermo_Coria Guillermo_Coria_0019.jpg
Guillermo_Coria Guillermo_Coria_0025.jpg
Gunter_Pleuger Gunter_Pleuger_0001.jpg
Guy_Ritchie Guy_Ritchie_0001.jpg
Hal_Sutton Hal_Sutton_0002.jpg
Hamid_Karzai Hamid_Karzai_0009.jpg
Hans_Blix Hans_Blix_0009.jpg
Hans_Blix Hans_Blix_0024.jpg
Hans_Blix Hans_Blix_0029.jpg
Hans_Blix Hans_Blix_0030.jpg
Hans_Blix Hans_Blix_0031.jpg
Hans_Blix Hans_Blix_0037.jpg
Hans_Corell Hans_Corell_0001.jpg
Harbhajan_Singh Harbhajan_Singh_0002.jpg
Hayley_Tullett Hayley_Tullett_0002.jpg
Henry_Kissinger Henry_Kissinger_0001.jpg
Hermann_Maier Hermann_Maier_0002.jpg
Hernan_Diaz Hernan_Diaz_0001.jpg
Himmler_Rebu Himmler_Rebu_0001.jpg
Hootie_Johnson Hootie_Johnson_0001.jpg
Howard_Smith Howard_Smith_0002.jpg
Hun_Sen Hun_Sen_0003.jpg
Hunter_Kemper Hunter_Kemper_0001.jpg
Iban_Mayo Iban_Mayo_0002.jpg
Igor_Ivanov Igor_Ivanov_0007.jpg
Ira_Einhorn Ira_Einhorn_0001.jpg
Irwan_Fadzi_Idris Irwan_Fadzi_Idris_0001.jpg
Jack_Osbourne Jack_Osbourne_0001.jpg
Jacques_Chirac Jacques_Chirac_0015.jpg
Jacques_Chirac Jacques_Chirac_0021.jpg
Jacques_Chirac Jacques_Chirac_0022.jpg
James_Blake James_Blake_0002.jpg
James_Jones James_Jones_0001.jpg
James_McGreevey James_McGreevey_0002.jpg
James_Wallack James_Wallack_0001.jpg
Jane_Fonda Jane_Fonda_0002.jpg
Jane_Riley Jane_Riley_0001.jpg
Jason_Sorens Jason_Sorens_0001.jpg
Javier_Weber Javier_Weber_0003.jpg
Jean-Francois_Pontal Jean-Francois_Pontal_0001.jpg
Jean-Marc_de_La_Sabliere Jean-Marc_de_La_Sabliere_0001.jpg
Jeanne_Moreau Jeanne_Moreau_0002.jpg
Jefferson_Perez Jefferson_Perez_0001.jpg
Jelena_Dokic Jelena_Dokic_0004.jpg
Jelena_Dokic Jelena_Dokic_0007.jpg
Jennifer_Aniston Jennifer_Aniston_0014.jpg
Jennifer_Capriati Jennifer_Capriati_0004.jpg
Jennifer_Capriati Jennifer_Capriati_0005.jpg
Jennifer_Capriati Jennifer_Capriati_0008.jpg
Jennifer_Capriati Jennifer_Capriati_0017.jpg
Jennifer_Capriati Jennifer_Capriati_0031.jpg
Jenny_Romero Jenny_Romero_0001.jpg
Jerry_Pauley Jerry_Pauley_0001.jpg
Jerry_Rice Jerry_Rice_0001.jpg
Jesse_Jackson Jesse_Jackson_0003.jpg
Jiang_Zemin Jiang_Zemin_0002.jpg
Jiang_Zemin Jiang_Zemin_0016.jpg
Jim_Carrey Jim_Carrey_0001.jpg
Jim_Furyk Jim_Furyk_0004.jpg
Jim_Parque Jim_Parque_0001.jpg
Jimmy_Carter Jimmy_Carter_0007.jpg
Joanne_Woodward Joanne_Woodward_0001.jpg
Joe_Mantegna Joe_Mantegna_0001.jpg
John_Banko John_Banko_0002.jpg
John_Bolton John_Bolton_0005.jpg
John_Bolton John_Bolton_0008.jpg
John_Bolton John_Bolton_0009.jpg
John_Bolton John_Bolton_0011.jpg
John_Bolton John_Bolton_0013.jpg
John_Bolton John_Bolton_0017.jpg
John_Burkett John_Burkett_0001.jpg
John_Howard John_Howard_0006.jpg
John_Howard John_Howard_0008.jpg
John_Kerry John_Kerry_0010.jpg
John_Kerry John_Kerry_0011.jpg
John_Manley John_Manley_0001.jpg
John_Manley John_Manley_0006.jpg
John_Paul_II John_Paul_II_0006.jpg
John_Travolta John_Travolta_0007.jpg
John_Williams John_Williams_0001.jpg
Johnny_Depp Johnny_Depp_0002.jpg
Jonathan_Edwards Jonathan_Edwards_0002.jpg
Joschka_Fischer Joschka_Fischer_0013.jpg
Jose_Maria_Aznar Jose_Maria_Aznar_0019.jpg
Joseph_Fiennes Joseph_Fiennes_0001.jpg
Juan_Carlos_Ferrero Juan_Carlos_Ferrero_0008.jpg
Juan_Ignacio_Chela Juan_Ignacio_Chela_0001.jpg
Juan_Pablo_Montoya Juan_Pablo_Montoya_0005.jpg
Juergen_Peters Juergen_Peters_0001.jpg
Julio_Rossi Julio_Rossi_0001.jpg
Junichiro_Koizumi Junichiro_Koizumi_0015.jpg
Junichiro_Koizumi Junichiro_Koizumi_0031.jpg
Junichiro_Koizumi Junichiro_Koizumi_0040.jpg
Junichiro_Koizumi Junichiro_Koizumi_0058.jpg
Justine_Henin Justine_Henin_0003.jpg
Kate_Capshaw Kate_Capshaw_0002.jpg
Katie_Boone Katie_Boone_0001.jpg
Keith_Bogans Keith_Bogans_0001.jpg
Keith_Osik Keith_Osik_0001.jpg
Kelly_Osbourne Kelly_Osbourne_0001.jpg
Ken_Macha Ken_Macha_0003.jpg
Kenneth_Evans Kenneth_Evans_0002.jpg
Kevin_Marshall Kevin_Marshall_0001.jpg
Kevin_Satterfield Kevin_Satterfield_0001.jpg
King_Gyanendra King_Gyanendra_0001.jpg
Kirk_Johnson Kirk_Johnson_0001.jpg
Klaus_Schwab Klaus_Schwab_0001.jpg
Kobe_Bryant Kobe_Bryant_0001.jpg
Kofi_Annan Kofi_Annan_0018.jpg
Kofi_Annan Kofi_Annan_0019.jpg
Kofi_Annan Kofi_Annan_0032.jpg
Koichi_Tanaka Koichi_Tanaka_0001.jpg
Kristin_Scott Kristin_Scott_0001.jpg
Kultida_Woods Kultida_Woods_0001.jpg
LK_Advani LK_Advani_0001.jpg
Lance_Armstrong Lance_Armstrong_0007.jpg
Lance_Armstrong Lance_Armstrong_0016.jpg
Latrell_Sprewell Latrell_Sprewell_0001.jpg
Laura_Bush Laura_Bush_0019.jpg
Laura_Flessel Laura_Flessel_0001.jpg
Laurie_Hobbs Laurie_Hobbs_0001.jpg
Lawrence_Foley Lawrence_Foley_0001.jpg
LeBron_James LeBron_James_0004.jpg
Lee_Hyung-taik Lee_Hyung-taik_0001.jpg
Lennox_Lewis Lennox_Lewis_0003.jpg
Leszek_Miller Leszek_Miller_0003.jpg
Lin_Yung_Hsi Lin_Yung_Hsi_0001.jpg
Lindsay_Davenport Lindsay_Davenport_0009.jpg
Lindsay_Davenport Lindsay_Davenport_0012.jpg
Lindsay_Davenport Lindsay_Davenport_0015.jpg
Lisa_Raymond Lisa_Raymond_0002.jpg
Lleyton_Hewitt Lleyton_Hewitt_0002.jpg
Lleyton_Hewitt Lleyton_Hewitt_0041.jpg
Lois_Smart Lois_Smart_0001.jpg
Loretta_Lynn_Harper Loretta_Lynn_Harper_0001.jpg
Lucio_Gutierrez Lucio_Gutierrez_0011.jpg
Luis_Figo Luis_Figo_0001.jpg
Luis_Gonzalez_Macchi Luis_Gonzalez_Macchi_0002.jpg
Luis_Pujols Luis_Pujols_0001.jpg
Luiz_Inacio_Lula_da_Silva Luiz_Inacio_Lula_da_Silva_0032.jpg
Luiz_Inacio_Lula_da_Silva Luiz_Inacio_Lula_da_Silva_0033.jpg
Maggie_Smith Maggie_Smith_0002.jpg
Mahathir_Mohamad Mahathir_Mohamad_0009.jpg
Mahathir_Mohamad Mahathir_Mohamad_0014.jpg
Mahmoud_Abbas Mahmoud_Abbas_0016.jpg
Marc-Andre_Fleury Marc-Andre_Fleury_0001.jpg
Mark_Bellhorn Mark_Bellhorn_0001.jpg
Mark_Philippoussis Mark_Philippoussis_0011.jpg
Mark_Sacco Mark_Sacco_0001.jpg
Marlene_Weingartner Marlene_Weingartner_0001.jpg
Marlon_Devonish Marlon_Devonish_0001.jpg
Marquis_Estill Marquis_Estill_0001.jpg
Marricia_Tate Marricia_Tate_0001.jpg
Martha_Stewart Martha_Stewart_0002.jpg
Martha_Stewart Martha_Stewart_0005.jpg
Martin_Hoellwarth Martin_Hoellwarth_0001.jpg
Marwan_Barghouthi Marwan_Barghouthi_0002.jpg
Mary_Landrieu Mary_Landrieu_0001.jpg
Mary_Matalin Mary_Matalin_0001.jpg
Matt_Roney Matt_Roney_0001.jpg
Mauricio_Pochetino Mauricio_Pochetino_0001.jpg
Megawati_Sukarnoputri Megawati_Sukarnoputri_0012.jpg
Meghann_Shaughnessy Meghann_Shaughnessy_0002.jpg
Meles_Zenawi Meles_Zenawi_0001.jpg
Mercedes_Amor Mercedes_Amor_0001.jpg
Michael_Bloomberg Michael_Bloomberg_0014.jpg
Michael_Chang Michael_Chang_0004.jpg
Michael_Clarke_Duncan Michael_Clarke_Duncan_0001.jpg
Michael_Moore Michael_Moore_0003.jpg
Michelle_Pfeiffer Michelle_Pfeiffer_0001.jpg
Mickey_Rooney Mickey_Rooney_0001.jpg
Micky_Ward Micky_Ward_0001.jpg
Mike_Bryan Mike_Bryan_0001.jpg
Mike_Matthews Mike_Matthews_0001.jpg
Mike_Weir Mike_Weir_0005.jpg
Mitchell_Daniels Mitchell_Daniels_0001.jpg
Monique_Garbrecht-Enfeldt Monique_Garbrecht-Enfeldt_0002.jpg
Muhammad_Ali Muhammad_Ali_0001.jpg
Nabil_Shaath Nabil_Shaath_0002.jpg
Nadia_Petrova Nadia_Petrova_0001.jpg
Nadia_Petrova Nadia_Petrova_0004.jpg
Namuddu_Florence Namuddu_Florence_0001.jpg
Nancy_Pelosi Nancy_Pelosi_0014.jpg
Nancy_Smith Nancy_Smith_0001.jpg
Newt_Gingrich Newt_Gingrich_0001.jpg
Nick_Markakis Nick_Markakis_0001.jpg
Nick_Price Nick_Price_0001.jpg
Nicolas_Massu Nicolas_Massu_0001.jpg
Nikolay_Davydenko Nikolay_Davydenko_0001.jpg
Nobuyuki_Idei Nobuyuki_Idei_0001.jpg
Nora_Ephron Nora_Ephron_0001.jpg
Norman_Jewison Norman_Jewison_0001.jpg
Oprah_Winfrey Oprah_Winfrey_0003.jpg
Oracene_Williams Oracene_Williams_0001.jpg
Oscar_De_La_Hoya Oscar_De_La_Hoya_0003.jpg
Patrick_Leahy Patrick_Leahy_0002.jpg
Patty_Schnyder Patty_Schnyder_0004.jpg
Paul_Bremer Paul_Bremer_0014.jpg
Paul_Wilson Paul_Wilson_0001.jpg
Paula_Radcliffe Paula_Radcliffe_0004.jpg
Pele Pele_0001.jpg
Perry_Compton Perry_Compton_0001.jpg
Pete_Sampras Pete_Sampras_0010.jpg
Pete_Sampras Pete_Sampras_0015.jpg
Peter_Caruana Peter_Caruana_0001.jpg
Peter_Mugyeni Peter_Mugyeni_0001.jpg
Peter_Struck Peter_Struck_0002.jpg
Philip_Cummings Philip_Cummings_0001.jpg
Philippe_Noiret Philippe_Noiret_0002.jpg
Phillips_Idowu Phillips_Idowu_0001.jpg
Qais_al-Kazali Qais_al-Kazali_0001.jpg
Rafael_Vinoly Rafael_Vinoly_0001.jpg
Rainer_Schuettler Rainer_Schuettler_0003.jpg
Raja_Ramani Raja_Ramani_0001.jpg
Ralph_Goodale Ralph_Goodale_0001.jpg
Ramon_Cardenas Ramon_Cardenas_0001.jpg
Recep_Tayyip_Erdogan Recep_Tayyip_Erdogan_0004.jpg
Reggie_Sanders Reggie_Sanders_0001.jpg
Ricardo_Lagos Ricardo_Lagos_0005.jpg
Ricardo_Lagos Ricardo_Lagos_0015.jpg
Richard_Armitage Richard_Armitage_0004.jpg
Richard_Krajicek Richard_Krajicek_0003.jpg
Richard_Virenque Richard_Virenque_0003.jpg
Richard_Virenque Richard_Virenque_0007.jpg
Ricky_Martin Ricky_Martin_0001.jpg
Rob_Moore Rob_Moore_0001.jpg
Rob_Ramsay Rob_Ramsay_0001.jpg
Robert_Kipkoech_Cheruiyot Robert_Kipkoech_Cheruiyot_0001.jpg
Roberto_Lavagna Roberto_Lavagna_0001.jpg
Robin_Wright_Penn Robin_Wright_Penn_0001.jpg
Roh_Moo-hyun Roh_Moo-hyun_0009.jpg
Ronald_Ito Ronald_Ito_0001.jpg
Ronde_Barber Ronde_Barber_0001.jpg
Roseanne_Barr Roseanne_Barr_0001.jpg
Roy_Halladay Roy_Halladay_0001.jpg
Ruben_Studdard Ruben_Studdard_0001.jpg
Rubens_Barrichello Rubens_Barrichello_0005.jpg
Sam_Gerald Sam_Gerald_0001.jpg
Samuel_Waksal Samuel_Waksal_0002.jpg
Scott_Hubbard Scott_Hubbard_0001.jpg
Scott_Verplank Scott_Verplank_0001.jpg
Sebastien_Grosjean Sebastien_Grosjean_0002.jpg
Sebastien_Grosjean Sebastien_Grosjean_0003.jpg
Sebastien_Grosjean Sebastien_Grosjean_0004.jpg
Serena_Williams Serena_Williams_0002.jpg
Serena_Williams Serena_Williams_0004.jpg
Serena_Williams Serena_Williams_0005.jpg
Serena_Williams Serena_Williams_0006.jpg
Serena_Williams Serena_Williams_0007.jpg
Serena_Williams Serena_Williams_0011.jpg
Serena_Williams Serena_Williams_0016.jpg
Serena_Williams Serena_Williams_0030.jpg
Serena_Williams Serena_Williams_0032.jpg
Serena_Williams Serena_Williams_0035.jpg
Serena_Williams Serena_Williams_0040.jpg
Serena_Williams Serena_Williams_0041.jpg
Serena_Williams Serena_Williams_0042.jpg
Serena_Williams Serena_Williams_0044.jpg
Seydou_Diarra Seydou_Diarra_0001.jpg
Shane_Loux Shane_Loux_0001.jpg
Shane_Mosley Shane_Mosley_0001.jpg
Sharon_Stone Sharon_Stone_0001.jpg
Shavon_Earp Shavon_Earp_0001.jpg
Shawn_Marion Shawn_Marion_0001.jpg
Sheila_Copps Sheila_Copps_0002.jpg
Shia_LaBeouf Shia_LaBeouf_0001.jpg
Shingo_Katayama Shingo_Katayama_0001.jpg
Silvan_Shalom Silvan_Shalom_0004.jpg
Silvio_Berlusconi Silvio_Berlusconi_0015.jpg
Silvio_Berlusconi Silvio_Berlusconi_0027.jpg
Spencer_Abraham Spencer_Abraham_0002.jpg
Stan_Heath Stan_Heath_0001.jpg
Stephen_Ambrose Stephen_Ambrose_0001.jpg
Steve_Ballmer Steve_Ballmer_0001.jpg
Steve_Mariucci Steve_Mariucci_0001.jpg
Steven_Spielberg Steven_Spielberg_0002.jpg
Suh_Chung-won Suh_Chung-won_0001.jpg
Svetislav_Pesic Svetislav_Pesic_0001.jpg
Taia_Balk Taia_Balk_0001.jpg
Tang_Jiaxuan Tang_Jiaxuan_0007.jpg
Tara_Kirk Tara_Kirk_0001.jpg
Tatiana_Panova Tatiana_Panova_0001.jpg
Tatiana_Shchegoleva Tatiana_Shchegoleva_0001.jpg
Ted_Washington Ted_Washington_0001.jpg
Ted_Williams Ted_Williams_0001.jpg
Thabo_Mbeki Thabo_Mbeki_0004.jpg
Thomas_Birmingham Thomas_Birmingham_0002.jpg
Thomas_Weston Thomas_Weston_0001.jpg
Thor_Pedersen Thor_Pedersen_0001.jpg
Tiger_Woods Tiger_Woods_0001.jpg
Tiger_Woods Tiger_Woods_0010.jpg
Tim_Chapman Tim_Chapman_0002.jpg
Tim_Norbeck Tim_Norbeck_0001.jpg
Tim_Salmon Tim_Salmon_0001.jpg
Tippi_Hedren Tippi_Hedren_0001.jpg
Tom_Brady Tom_Brady_0002.jpg
Tom_Daschle Tom_Daschle_0006.jpg
Tom_Gamboa Tom_Gamboa_0001.jpg
Tom_McClintock Tom_McClintock_0001.jpg
Tom_Watson Tom_Watson_0001.jpg
Tommy_Haas Tommy_Haas_0006.jpg
Tommy_Lewis Tommy_Lewis_0001.jpg
Tommy_Thompson Tommy_Thompson_0006.jpg
Tora_Takagi Tora_Takagi_0001.jpg
Toshi_Izawa Toshi_Izawa_0001.jpg
Trevor_Watson Trevor_Watson_0001.jpg
Tung_Chee-hwa Tung_Chee-hwa_0001.jpg
Tung_Chee-hwa Tung_Chee-hwa_0003.jpg
Tung_Chee-hwa Tung_Chee-hwa_0009.jpg
Tyler_Hamilton Tyler_Hamilton_0002.jpg
Tzipora_Obziler Tzipora_Obziler_0001.jpg
Uzi_Even Uzi_Even_0001.jpg
Vaclav_Havel Vaclav_Havel_0009.jpg
Valorie_Brabazon Valorie_Brabazon_0001.jpg
Vecdi_Gonul Vecdi_Gonul_0001.jpg
Venus_Williams Venus_Williams_0006.jpg
Venus_Williams Venus_Williams_0016.jpg
Vicente_Fox Vicente_Fox_0019.jpg
Vicente_Fox Vicente_Fox_0020.jpg
Virgina_Ruano_Pascal Virgina_Ruano_Pascal_0001.jpg
Winona_Ryder Winona_Ryder_0023.jpg
Wolfgang_Becker Wolfgang_Becker_0001.jpg
Wolfgang_Schneiderhan Wolfgang_Schneiderhan_0001.jpg
Woody_Allen Woody_Allen_0004.jpg
Xanana_Gusmao Xanana_Gusmao_0004.jpg
Xavier_Malisse Xavier_Malisse_0002.jpg
Yasser_Arafat Yasser_Arafat_0004.jpg
Yasser_Arafat Yasser_Arafat_0005.jpg
Yasser_Arafat Yasser_Arafat_0007.jpg
Yasushi_Chimura Yasushi_Chimura_0001.jpg
Yuvraj_Singh Yuvraj_Singh_0001.jpg
